Hope College Schedule of Classes,,,,,,,,,,,,,,,,,,,,,,,
,,,,,,,,,,,,,,,,,,,,,,,
HOPE COURSE SCHEDULE,,,,,,,,,,,,,,,,,,,,,,,
These are the search criteria you submitted :,,,,,,,,,,,,,,,,,,,,,,,
Term: Fall 2018,,,,,,,,,,,,,,,,,,,,,,,
Subj:   MUS ,,,,,,,,,,,,,,,,,,,,,,,
Crse Numb: %,,,,,,,,,,,,,,,,,,,,,,,
Days: Any,,,,,,,,,,,,,,,,,,,,,,,
Time: 0000-2359,,,,,,,,,,,,,,,,,,,,,,,
Status: ANY,,,,,,,,,,,,,,,,,,,,,,,
Attribute: ANY,,,,,,,,,,,,,,,,,,,,,,,
,,,,,,,,,,,,,,,,,,,,,,,
FALL 2018 (201808),,,,,,,,,,,,,,,,,,,,,,,
Status,Title,Subject,Course Number,Section Number,CRN,Cred,Attr,Meeting Days/Times,,,,,,,,Location,Capacity,Actual,Remainder,WaitList,Instructor,Date,Weeks
IN PROGRESS,Pending Placement - Piano,MUS,10,1,83766,  1-3,FEE,TBA,,,,,,,,TBA,200,0,200,0,"Lewis, Huw R.",08/28-12/14,16
,"Reserved for students who have never taken piano lessons at Hope. Students must be available on Monday, August 27 for audition and placement in Mus 160 or 179. Auditions will not be held on other days. Course fee will be added upon placement.",,,,,,,,,,,,,,,,,,,,,,
IN PROGRESS,Pending Placement - Voice,MUS,20,1,83451,  1-3,FEE,TBA,,,,,,,,TBA,200,0,200,0,"Kim, JungWoo",08/28-12/14,16
,"Reserved for students who have never taken voice lessons at Hope. Students must be available on Monday, August 27 for audition and placement in the appropriate voice course. Auditions will not be held on other days. Course fee will be added upon placement as necessary.",,,,,,,,,,,,,,,,,,,,,,
IN PROGRESS,Pending Placement - Choral,MUS,30,1,83455,  0-1,,TBA,,,,,,,,TBA,200,0,200,0,"Dekker, Christopher J.",08/28-12/14,16
,"Reserved for all students interested in being part of a choral ensemble at Hope. Students must be available during the week of August 27-31 for audition and placement in Mus 115, 117, 140 or 160 (see schedule below for meeting times). Auditions will not be held on other days.",,,,,,,,,,,,,,,,,,,,,,
IN PROGRESS,Pending Placement - Orchestra,MUS,40,1,83767,  0-1,, ,T, ,R, , , ,1630-1830, ,200,0,200,0,"Fashun, Christopher H.",08/28-12/14,16
,"Reserved for all students interested in playing a string instrument in the orchestra at Hope. Students must be available on Monday, August 27 for audition and placement in Mus 120. Auditions will not be held on other days.",,,,,,,,,,,,,,,,,,,,,,
IN PROGRESS,Pending Placement - Strings,MUS,50,1,82471,  0-1,,TBA,,,,,,,,TBA,200,0,200,0,"Craioveanu, Mihai D.",08/28-12/14,16
,"Reserved for students who are interested in playing  a string instrument in a chamber ensemble at Hope. Students must be available on Monday, August 27 for audition and placement in Mus 160 (see schedule below for meeting times). Auditions will not be held on other days.",,,,,,,,,,,,,,,,,,,,,,
IN PROGRESS,Pending Placement - Winds/Perc,MUS,60,1,82472,  0-1,,TBA,,,,,,,,TBA,200,0,200,0,"Southard, Robert G.",08/28-12/14,16
,"Reserved for all students interested in being in a woodwind, brass, or percussion ensemble at Hope. Students must be available on Monday, August 27 for audition and placement in Mus 120-160 (see schedule below for meeting times). Auditions will not be held on other days.",,,,,,,,,,,,,,,,,,,,,,
IN PROGRESS,Pending Placement - Jazz,MUS,70,1,83768,  0-1,, ,T, ,R, , , ,1200-1350, ,200,0,200,0,"Coyle, Brian R.",08/28-12/14,16
,"Reserved for all students interested in being a part of a jazz ensemble at Hope. Students must be available on Monday, August 27 for audition and placement in Mus 135. Auditions will not be held on other days.",,,,,,,,,,,,,,,,,,,,,,
IN PROGRESS,Pending Placement - Folk/Jazz,MUS,70,2,83772,  0-1,,TBA,,,,,,,,TBA,200,0,200,0,"Coyle, Brian R.",08/28-12/14,16
,"Reserved for all students interested in being a part of a folk or jazz ensemble at Hope. Students must be available on Monday, August 27 for audition and placement in Mus 160 (see schedule below for meeting times). Auditions will not be held on other days.",,,,,,,,,,,,,,,,,,,,,,
IN PROGRESS,Concert Attendance,MUS,80,1,82385,0,, , , ,R, , , ,1100-1150,JHMILR 120,100,73,27,0,"Baer, Marc B.",08/28-12/14,16
CANCELLED,Introduction to Music,MUS,101,2,82517,4,FA1,TBA,,,,,,,,TBA,0,0,0,0,Staff,08/28-12/14,16
IN PROGRESS,Introduction to Music,MUS,101,4,82916,4,FA1,M, ,W, , , , ,0900-1020,JHMILR 194,35,30,5,0,"Craioveanu, Mihai D.",08/28-12/14,16
CANCELLED,Introduction to Music,MUS,101,5,83490,4,FA1,TBA,,,,,,,,TBA,0,0,0,0,Staff,08/28-12/14,16
IN PROGRESS,Perspectives in Music,MUS,102,1,82982,4,GLI, ,T, ,R, , , ,1330-1450,JHMILR 192,10,8,2,0,"Hornbach, Christina M.",08/28-12/14,16
,,,,,,,FA1, ,T, ,R, , , ,1330-1450,JHMILR 192,,,,,,,
CANCELLED,World Music,MUS,104,1,82371,4,FA1,TBA,,,,,,,,TBA,0,0,0,0,Staff,08/28-12/14,16
,,,,,,,GLI,TBA,,,,,,,,TBA,,,,,,,
CLOSED,World Music,MUS,104,2,83231,4,GLI, ,T, ,R, , , ,0930-1050,JHMILR 130,35,35,0,0,"Fashun, Christopher H.",08/28-12/14,16
,,,,,,,FA1, ,T, ,R, , , ,0930-1050,JHMILR 130,,,,,,,
IN PROGRESS,Survey of American Music,MUS,105,1,82298,4,GLD, , ,W, , , , ,1800-2050,JHMILR 194,35,34,1,0,"Coyle, Brian R.",08/28-12/14,16
,Topic: Blues to Pop.,,,,,,,,,,,,,,,,,,,,,,
,,,,,,,FA1, , ,W, , , , ,1800-2050,JHMILR 194,,,,,,,
CLOSED,Survey of American Music,MUS,105,2,82610,4,FA1, ,T, ,R, , , ,0930-1050,JHMILR 194,35,37,-2,0,"Coyle, Brian R.",08/28-12/14,16
,Topic: Blues to Pop.,,,,,,,,,,,,,,,,,,,,,,
,,,,,,,GLD, ,T, ,R, , , ,0930-1050,JHMILR 194,,,,,,,
CANCELLED,Theory I,MUS,111,1,82023,4,,TBA,,,,,,,,TBA,0,0,0,0,Staff,08/28-12/14,16
CANCELLED,Theory I,MUS,111,2,83726,4,,TBA,,,,,,,,TBA,0,0,0,0,Staff,08/28-12/14,16
IN PROGRESS,Theory I,MUS,111,3,83879,4,, ,T, ,R, , , ,1200-1320,JHMILR 194,20,13,7,0,"Krause, Ben A.",08/28-12/14,16
IN PROGRESS,Theory I,MUS,111,4,83880,4,, ,T, ,R, , , ,1500-1620,JHMILR 194,20,17,3,0,"Krause, Ben A.",08/28-12/14,16
PERMISSION,Theory I,MUS,111,5,83891,4,,TBA,,,,,,,,TBA,20,0,20,0,"Staff, TBA",08/28-12/14,16
,Written permission of department chair required.,,,,,,,,,,,,,,,,,,,,,,
CLOSED,Aural Skills I,MUS,113,1,82446,1,,M, ,W, ,F, , ,1100-1150,JHMILR 194,15,16,-1,0,"West, Elizabeth O.",08/28-12/14,16
IN PROGRESS,Aural Skills I,MUS,113,2,82025,1,,M, ,W, ,F, , ,0930-1020,JHMILR 140,15,11,4,0,"West, Elizabeth O.",08/28-12/14,16
CLOSED,Chapel Choir,MUS,115,1,82026,1,FA2,M,T,W,R, , , ,1700-1800,JHMILR 140,25,25,0,0,"Dekker, Christopher J.",08/28-12/14,16
,"Written permission of department chair required. For placement, register for Mus 030 (choral).",,,,,,,,,,,,,,,,,,,,,,
PERMISSION,Chapel Choir,MUS,115,11,82390,0,,M,T,W,R, , , ,1700-1800,JHMILR 140,25,21,4,0,"Dekker, Christopher J.",08/28-12/14,16
,"Written permission of department chair required. For placement, register for Mus 030 (choral). Reserved for students participating in Chapel Choir for pass-fail, zero credit.",,,,,,,,,,,,,,,,,,,,,,
IN PROGRESS,College Chorus,MUS,116,1,82027,1,FA2, ,T, , , , , ,1930-2100,JHMILR 140,50,17,33,0,"Dekker, Christopher J.",08/28-12/14,16
,"This ensemble is open to all students regardless of major, minor or choral experience.",,,,,,,,,,,,,,,,,,,,,,
IN PROGRESS,College Chorus,MUS,116,11,82391,0,, ,T, , , , , ,1930-2100,JHMILR 140,50,8,42,0,"Dekker, Christopher J.",08/28-12/14,16
,"This ensemble is open to all students regardless of major, minor or choral experience. Reserved for students participating in College Chorus for pass-fail, zero credit.",,,,,,,,,,,,,,,,,,,,,,
PERMISSION,Women's Chamber Choir,MUS,117,1,82281,1,FA2, ,T, ,R, , , ,1500-1620,JHMILR 140,30,0,30,0,"Wolfe, Jennifer A.",08/28-12/14,16
,"Written permission of department chair required. For placement, register for Mus 030 (choral).",,,,,,,,,,,,,,,,,,,,,,
PERMISSION,Women's Chamber Choir,MUS,117,11,82392,0,, ,T, ,R, , , ,1500-1620,JHMILR 140,30,0,30,0,"Wolfe, Jennifer A.",08/28-12/14,16
,"Written permission of department chair required. For placement, register for Mus 030 (choral). Reserved for students participating in Women's Chamber Choir for pass-fail, zero credit.",,,,,,,,,,,,,,,,,,,,,,
PERMISSION,Orchestra,MUS,120,1,82028,1,FA2, ,T, ,R, , , ,1630-1830,JHMILR 130,30,17,13,0,"Fashun, Christopher H.",08/28-12/14,16
,"Written permission of department chair required. For placement, register for Mus 040 (strings) or Mus 060 (winds and percussion).",,,,,,,,,,,,,,,,,,,,,,
PERMISSION,Orchestra,MUS,120,11,82387,0,, ,T, ,R, , , ,1630-1830,JHMILR 130,30,23,7,0,"Fashun, Christopher H.",08/28-12/14,16
,"Written permission of department chair required. For placement, register for Mus 040 (strings) or Mus 060 (winds and percussion). Reserved for students participating in Orchestra for pass-fail, zero credit.",,,,,,,,,,,,,,,,,,,,,,
PERMISSION,Wind Ensemble,MUS,130,1,82029,1,FA2, , , , ,F, , ,1300-1430,JHMILR 130,30,16,14,0,"Southard, Robert G.",08/28-12/14,16
,"Written permission of department chair required. For placement, register for Mus 060 (winds and percussion).",,,,,,,,,,,,,,,,,,,,,,
,,,,,,,FA2,M, ,W, , , , ,1700-1820,JHMILR 130,,,,,,,
PERMISSION,Wind Ensemble,MUS,130,11,82393,0,, , , , ,F, , ,1300-1430,JHMILR 130,30,27,3,0,"Southard, Robert G.",08/28-12/14,16
,"Written permission of department chair required. For placement, register for Mus 060 (winds and percussion). Reserved for students participating in Wind Ensemble for pass-fail, zero credit.",,,,,,,,,,,,,,,,,,,,,,
,,,,,,,,M, ,W, , , , ,1700-1820,JHMILR 130,,,,,,,
PERMISSION,Concert Band,MUS,133,1,82299,1,FA2, , , ,R, , , ,1900-2030,JHMILR 130,30,5,25,0,"Southard, Robert G.",08/28-12/14,16
,"Written permission of department chair required. For placement, register for Mus 060 (winds and percussion).",,,,,,,,,,,,,,,,,,,,,,
PERMISSION,Concert Band,MUS,133,11,82394,0,, , , ,R, , , ,1900-2030,JHMILR 130,30,9,21,0,"Southard, Robert G.",08/28-12/14,16
,"Written permission of department chair required. For placement, register for Mus 060 (winds and percussion). Reserved for students participating in Concert Band for pass-fail, zero credit.",,,,,,,,,,,,,,,,,,,,,,
PERMISSION,Jazz Arts Collective,MUS,135,1,82030,1,FA2, ,T, ,R, , , ,1200-1350,JHMILR 130,20,7,13,0,"Coyle, Brian R.",08/28-12/14,16
,"Written permission of department chair required. For placement, register for Mus 070-01 (jazz).",,,,,,,,,,,,,,,,,,,,,,
PERMISSION,Jazz Arts Collective,MUS,135,11,82395,0,, ,T, ,R, , , ,1200-1350,JHMILR 130,20,3,17,0,"Coyle, Brian R.",08/28-12/14,16
,"Written permission of department chair required. For placement, register for Mus 070-01 (jazz). Reserved for students participating in Jazz Ensemble for pass-fail, zero credit.",,,,,,,,,,,,,,,,,,,,,,
CANCELLED,Collegium Musicum - Vocal,MUS,140,1,83501,1,FA2,TBA,,,,,,,,TBA,0,0,0,0,Staff,08/28-12/14,16
,"Written permission of department chair required. For placement, register for Mus 030 (choral).",,,,,,,,,,,,,,,,,,,,,,
CANCELLED,Collegium Musicum - Vocal,MUS,140,11,83502,0,,TBA,,,,,,,,TBA,0,0,0,0,Staff,08/28-12/14,16
,"Written permission of department chair required. For placement, register for Mus 030 (choral). This section is for those students who are participating in Collegium Musicum - Vocal for pass-fail, zero credit only.",,,,,,,,,,,,,,,,,,,,,,
PERMISSION,Jazz Chamber Ensemble I,MUS,160,1,82448,0.5,FA2,TBA,,,,,,,,TBA,4,3,1,0,"Roberts, Nathaniel J.",08/28-12/14,16
,Written permission of department chair required. For placement register for Mus 070-02 (folk/jazz).,,,,,,,,,,,,,,,,,,,,,,
PERMISSION,Jazz Chamber Ensemble I,MUS,160,11,82449,0,,TBA,,,,,,,,TBA,4,0,4,0,"Roberts, Nathaniel J.",08/28-12/14,16
,"Written permission of department chair required. For placement register for Mus 070-02 (folk/jazz). Reserved for students participating in Jazz Chamber Ensemble I for pass-fail, zero credit.",,,,,,,,,,,,,,,,,,,,,,
PERMISSION,Jazz Chamber Ensemble II,MUS,160,2,82450,0.5,FA2,TBA,,,,,,,,TBA,4,3,1,0,"Roberts, Nathaniel J.",08/28-12/14,16
,Written permission of department chair required. For placement register for Mus 070-02 (folk/jazz).,,,,,,,,,,,,,,,,,,,,,,
PERMISSION,Jazz Chamber Ensemble II,MUS,160,21,82451,0,,TBA,,,,,,,,TBA,4,1,3,0,"Roberts, Nathaniel J.",08/28-12/14,16
,"Written permission of department chair required. For placement register for Mus 070-02 (folk/jazz). Reserved for students participating in Jazz Chamber Ensemble II for pass-fail, zero credit.",,,,,,,,,,,,,,,,,,,,,,
CLOSED,Jazz Chamber Ensemble III,MUS,160,3,82452,0.5,FA2,TBA,,,,,,,,TBA,4,4,0,0,"Talaga, Stephen C.",08/28-12/14,16
,Written permission of department chair required. For placement register for Mus 070-02 (folk/jazz).,,,,,,,,,,,,,,,,,,,,,,
PERMISSION,Jazz Chamber Ensemble III,MUS,160,31,82453,0,,TBA,,,,,,,,TBA,4,1,3,0,"Talaga, Stephen C.",08/28-12/14,16
,"Written permission of department chair required. For placement register for Mus 070-02 (folk/jazz). Reserved for students participating in Jazz Chamber Ensemble III for pass-fail, zero credit only.",,,,,,,,,,,,,,,,,,,,,,
PERMISSION,Jazz Chamber Ensemble IV,MUS,160,4,82454,0.5,FA2,TBA,,,,,,,,TBA,4,3,1,0,"Shoup, Jeffrey A.",08/28-12/14,16
,Written permission of department chair required. For placement register for Mus 070-02 (folk/jazz).,,,,,,,,,,,,,,,,,,,,,,
PERMISSION,Jazz Chamber Ensemble IV,MUS,160,41,82455,0,,TBA,,,,,,,,TBA,4,1,3,0,"Shoup, Jeffrey A.",08/28-12/14,16
,"Written permission of department chair required. For placement register for Mus 070-02 (folk/jazz). Reserved for students participating in Jazz Chamber Ensemble IV for pass-fail, zero credit only.",,,,,,,,,,,,,,,,,,,,,,
PERMISSION,Jazz Chamber Ensemble V,MUS,160,5,82456,0.5,FA2,TBA,,,,,,,,TBA,4,3,1,0,"Lockwood, Thomas E.",08/28-12/14,16
,Written permission of department chair required. For placement register for Mus 070-02 (folk/jazz).,,,,,,,,,,,,,,,,,,,,,,
PERMISSION,Jazz Chamber Ensemble V,MUS,160,51,82457,0,,TBA,,,,,,,,TBA,4,0,4,0,"Lockwood, Thomas E.",08/28-12/14,16
,"Written permission of department chair required. For placement register for Mus 070-02 (folk/jazz). Reserved for students participating in Jazz Chamber Ensemble V for pass-fail, zero credit only.",,,,,,,,,,,,,,,,,,,,,,
PERMISSION,Jazz Education Ensemble,MUS,160,6,82559,0.5,FA2,TBA,,,,,,,,TBA,5,0,5,0,"Roberts, Nathaniel J.",08/28-12/14,16
,Written permission of department chair required. For placement register for Mus 070-02 (folk/jazz).,,,,,,,,,,,,,,,,,,,,,,
PERMISSION,Jazz Education Ensemble,MUS,160,61,82560,0,,TBA,,,,,,,,TBA,5,0,5,0,"Roberts, Nathaniel J.",08/28-12/14,16
,"Written permission of department chair required. For placement register for Mus 070-02 (folk/jazz). Reserved for students participating in Jazz Education Ensemble for pass-fail, zero credit only.",,,,,,,,,,,,,,,,,,,,,,
PERMISSION,Jazz Combo,MUS,160,7,83088,0.5,FA2,TBA,,,,,,,,TBA,12,0,12,0,"Monaco, Anthony G.",08/28-12/14,16
,Written permission of department chair required. For placement register for Mus 070-02 (folk/jazz).,,,,,,,,,,,,,,,,,,,,,,
PERMISSION,Jazz Combo,MUS,160,71,83089,0,,TBA,,,,,,,,TBA,12,0,12,0,"Monaco, Anthony G.",08/28-12/14,16
,"Written permission of department chair required. For placement register for Mus 070-02 (folk/jazz). Reserved for students participating in Jazz Combo for pass-fail, zero credit only.",,,,,,,,,,,,,,,,,,,,,,
PERMISSION,Flute Choir,MUS,160,8,82458,0.5,FA2, ,T, , , , , ,1100-1150,JHMILR 130,12,2,10,0,"Sooy, Julie A.",08/28-12/14,16
,Written permission of department chair required. For placement register for Mus 060 (winds and percussion).,,,,,,,,,,,,,,,,,,,,,,
PERMISSION,Flute Choir,MUS,160,81,82459,0,, ,T, , , , , ,1100-1150,JHMILR 130,12,3,9,0,"Sooy, Julie A.",08/28-12/14,16
,"Written permission of department chair required. For placement register for Mus 060 (winds and percussion).  Reserved for students participating in Flute Choir for pass-fail, zero credit only.",,,,,,,,,,,,,,,,,,,,,,
PERMISSION,Brass Ensemble,MUS,160,9,83904,0.5,FA2,TBA,,,,,,,,TBA,5,3,2,0,"Graham, Adam E.",08/28-12/14,16
,Written permission of department chair required. For placement register for Mus 060 (winds and percussion).,,,,,,,,,,,,,,,,,,,,,,
PERMISSION,Brass Ensemble,MUS,160,91,83905,0,,TBA,,,,,,,,TBA,5,1,4,0,"Graham, Adam E.",08/28-12/14,16
,"Written permission of department chair required. For placement register for Mus 060 (winds and percussion).  Reserved for students participating in Brass Ensemble for pass-fail, zero credit only.",,,,,,,,,,,,,,,,,,,,,,
CLOSED,String Chamber Music,MUS,160,10,82460,0.5,FA2,TBA,,,,,,,,TBA,4,5,-1,0,"Craioveanu, Mihai D.",08/28-12/14,16
,Written permission of department chair required. For placement register for Mus 050 (strings).,,,,,,,,,,,,,,,,,,,,,,
PERMISSION,String Chamber Music,MUS,160,101,82461,0,,TBA,,,,,,,,TBA,4,1,2,0,"Craioveanu, Mihai D.",08/28-12/14,16
,"Written permission of department chair required. For placement register for Mus 050 (strings). Reserved for students participating in String Chamber Music for pass-fail, zero credit.",,,,,,,,,,,,,,,,,,,,,,
PERMISSION,Collaborative Piano,MUS,160,11,82462,0.5,FA2,TBA,,,,,,,,TBA,4,0,4,0,"Staff, TBA",08/28-12/14,16
,Written permission of department chair required. For placement register for Mus 010 (piano).,,,,,,,,,,,,,,,,,,,,,,
PERMISSION,Collaborative Piano,MUS,160,111,82463,0,,TBA,,,,,,,,TBA,4,0,4,0,"Staff, TBA",08/28-12/14,16
,"Written permission of department chair required. For placement register for Mus 010 (piano). Reserved for students participating in Collaborative Piano for pass-fail, zero credit only.",,,,,,,,,,,,,,,,,,,,,,
IN PROGRESS,Brazilian Drumming,MUS,160,12,82911,0.5,FA2, , ,W, , , , ,1900-2030,JHMILR 130,15,5,10,0,"Fashun, Christopher H.",08/28-12/14,16
,"This ensemble is open to all students regardless of major, minor or percussion experience.",,,,,,,,,,,,,,,,,,,,,,
IN PROGRESS,Brazilian Drumming,MUS,160,121,82912,0,, , ,W, , , , ,1900-2030,JHMILR 130,15,6,9,0,"Fashun, Christopher H.",08/28-12/14,16
,"This ensemble is open to all students regardless of major, minor or percussion experience. Reserved for students participating in Brazilian Drumming for pass-fail, zero credit only.",,,,,,,,,,,,,,,,,,,,,,
PERMISSION,12th Street Harmony,MUS,160,13,82464,0.5,FA2,TBA,,,,,,,,TBA,12,0,12,0,"Staff, TBA",08/28-12/14,16
,Written permission of department chair required. For placement register for Mus 030 (choral).,,,,,,,,,,,,,,,,,,,,,,
PERMISSION,12th Street Harmony,MUS,160,131,82465,0,,TBA,,,,,,,,TBA,12,0,12,0,"Staff, TBA",08/28-12/14,16
,"Written permission of department chair required. For placement register for Mus 030 (choral). Reserved for students participating in 12th Street Harmony for pass-fail, zero credit only.",,,,,,,,,,,,,,,,,,,,,,
PERMISSION,Luminescence,MUS,160,14,82466,0.5,FA2,TBA,,,,,,,,TBA,12,2,10,0,"Staff, TBA",08/28-12/14,16
,Written permission of department chair required. For placement register for Mus 030 (choral).,,,,,,,,,,,,,,,,,,,,,,
PERMISSION,Luminescence,MUS,160,141,82467,0,,TBA,,,,,,,,TBA,12,5,7,0,"Staff, TBA",08/28-12/14,16
,"Written permission of department chair required. For placement register for Mus 030 (choral). Reserved for students participating in Luminescence for pass-fail, zero credit only.",,,,,,,,,,,,,,,,,,,,,,
PERMISSION,Saxophone Quartet,MUS,160,15,82469,0.5,FA2,TBA,,,,,,,,TBA,4,0,4,0,"Staff, TBA",08/28-12/14,16
,Written permission of department chair required. For placement register for Mus 060 (winds and percussion).,,,,,,,,,,,,,,,,,,,,,,
PERMISSION,Saxophone Quartet,MUS,160,151,82470,0,,TBA,,,,,,,,TBA,4,0,4,0,"Staff, TBA",08/28-12/14,16
,"Written permission of department chair required. For placement register for Mus 060 (winds and percussion).  Reserved for students participating in Saxophone Quartet for pass-fail, zero credit only.",,,,,,,,,,,,,,,,,,,,,,
PERMISSION,Woodwind Quintet,MUS,160,16,82518,0.5,FA2,TBA,,,,,,,,TBA,5,0,5,0,"Southard, Sarah",08/28-12/14,16
,Written permission of department chair required. For placement register for Mus 060 (winds and percussion).,,,,,,,,,,,,,,,,,,,,,,
PERMISSION,Woodwind Quintet,MUS,160,161,82519,0,,TBA,,,,,,,,TBA,5,0,5,0,"Southard, Sarah",08/28-12/14,16
,"Written permission of department chair required. For placement register for Mus 060 (winds and percussion). Reserved for students participating in Woodwind Quintet for pass-fail, zero credit only.",,,,,,,,,,,,,,,,,,,,,,
PERMISSION,Harp Ensemble,MUS,160,17,82520,0.5,FA2,TBA,,,,,,,,TBA,5,0,5,0,"Waldvogel-Warren, Martha",08/28-12/14,16
,Written permission of department chair required. For placement register for Mus 050 (strings).,,,,,,,,,,,,,,,,,,,,,,
PERMISSION,Harp Ensemble,MUS,160,171,82521,0,,TBA,,,,,,,,TBA,5,0,5,0,"Waldvogel-Warren, Martha",08/28-12/14,16
,"Written permission of department chair required. For placement register for Mus 050 (strings). Reserved for students participating in Harp Ensemble for pass-fail, zero credit only.",,,,,,,,,,,,,,,,,,,,,,
PERMISSION,Woodwind Chamber Ensemble,MUS,160,18,82625,0.5,FA2,TBA,,,,,,,,TBA,4,2,2,0,"Schekman, Joel W.",08/28-12/14,16
,Written permission of department chair required. For placement register for Mus 060 (winds and percussion).,,,,,,,,,,,,,,,,,,,,,,
PERMISSION,Woodwind Chamber Ensemble,MUS,160,181,82626,0,,TBA,,,,,,,,TBA,4,1,3,0,"Schekman, Joel W.",08/28-12/14,16
,"Written permission of department chair required. For placement register for Mus 060 (winds and percussion). Reserved for students participating in Woodwind Chamber Ensemble for pass-fail, zero credit only.",,,,,,,,,,,,,,,,,,,,,,
PERMISSION,Woodwind Chamber Ensemble,MUS,160,19,83079,0.5,FA2,TBA,,,,,,,,TBA,5,0,5,0,"Southard, Robert G.",08/28-12/14,16
,Written permission of department chair required. For placement register for Mus 060 (winds and percussion).,,,,,,,,,,,,,,,,,,,,,,
PERMISSION,Woodwind Chamber Ensemble,MUS,160,191,83080,0,,TBA,,,,,,,,TBA,5,0,5,0,"Southard, Robert G.",08/28-12/14,16
,"Written permission of department chair required. For placement register for Mus 060 (winds and percussion). Reserved for students participating in Woodwind Chamber Ensemble for pass-fail, zero credit only.",,,,,,,,,,,,,,,,,,,,,,
PERMISSION,Percussion Ensemble,MUS,160,20,82757,0.5,FA2,TBA,,,,,,,,TBA,5,2,3,0,"Fashun, Christopher H.",08/28-12/14,16
,Written permission of department chair required. For placement register for Mus 060 (winds and percussion).,,,,,,,,,,,,,,,,,,,,,,
PERMISSION,Percussion Ensemble,MUS,160,201,82758,0,,TBA,,,,,,,,TBA,5,3,2,0,"Fashun, Christopher H.",08/28-12/14,16
,Written permission of department chair required. For placement register for Mus 060 (winds and percussion).,,,,,,,,,,,,,,,,,,,,,,
CANCELLED,Folk Music Ensemble I,MUS,160,21,82866,0.5,FA2,TBA,,,,,,,,TBA,0,0,0,0,Staff,08/28-12/14,16
,Written permission of department chair required. For placement register for Mus 070-02 (folk/jazz).,,,,,,,,,,,,,,,,,,,,,,
CANCELLED,Folk Music Ensemble I,MUS,160,211,82867,0,,TBA,,,,,,,,TBA,0,0,0,0,Staff,08/28-12/14,16
,"Written permission of department chair required. For placement register for Mus 070-02 (folk/jazz). Reserved for students participating in Folk Music Ensemble I for pass-fail, zero credit.",,,,,,,,,,,,,,,,,,,,,,
CANCELLED,Folk Music Ensemble II,MUS,160,22,83110,0.5,FA2,TBA,,,,,,,,TBA,0,0,0,0,Staff,08/28-12/14,16
,Written permission of department chair required. For placement register for Mus 070-02 (folk/jazz).,,,,,,,,,,,,,,,,,,,,,,
CANCELLED,Folk Music Ensemble II,MUS,160,221,83111,0,,TBA,,,,,,,,TBA,0,0,0,0,Staff,08/28-12/14,16
,"Written permission of department chair required. For placement register for Mus 070-02 (folk/jazz). Reserved for students participating in Folk Music Ensemble II for pass-fail, zero credit.",,,,,,,,,,,,,,,,,,,,,,
IN PROGRESS,Guitar Ensemble,MUS,160,24,82868,0.5,FA2,TBA,,,,,,,,TBA,10,0,10,0,"Martin, David J.",08/28-12/14,16
,"This ensemble is open to all students regardless of major, minor or guitar experience.",,,,,,,,,,,,,,,,,,,,,,
IN PROGRESS,Guitar Ensemble,MUS,160,241,82869,0,,TBA,,,,,,,,TBA,10,0,10,0,"Martin, David J.",08/28-12/14,16
,"This ensemble is open to all students regardless of major, minor or guitar experience. Reserved for students participating in Guitar Ensemble for pass-fail, zero credit.",,,,,,,,,,,,,,,,,,,,,,
CANCELLED,Folk Music Ensemble III,MUS,160,25,83250,0.5,FA2,TBA,,,,,,,,TBA,0,0,0,0,Staff,08/28-12/14,16
,Written permission of department chair required. For placement register for Mus 070-02 (folk/jazz).,,,,,,,,,,,,,,,,,,,,,,
CANCELLED,Folk Music Ensemble III,MUS,160,251,83251,0,,TBA,,,,,,,,TBA,0,0,0,0,Staff,08/28-12/14,16
,"Written permission of department chair required. For placement register for Mus 070-02 (folk/jazz). Reserved for students participating in Folk Music Ensemble III for pass-fail, zero credit.",,,,,,,,,,,,,,,,,,,,,,
PERMISSION,Drum Choir,MUS,160,26,83257,0.5,FA2,TBA,,,,,,,,TBA,10,0,10,0,"Shoup, Jeffrey A.",08/28-12/14,16
,Written permission of department chair required. For placement register for Mus 060 (winds and percussion).,,,,,,,,,,,,,,,,,,,,,,
PERMISSION,Drum Choir,MUS,160,261,83258,0,,TBA,,,,,,,,TBA,10,0,10,0,"Shoup, Jeffrey A.",08/28-12/14,16
,"Written permission of department chair required. For placement register for Mus 060 (winds and percussion). Reserved for students participating in Drum Choir for pass-fail, zero credit.",,,,,,,,,,,,,,,,,,,,,,
PERMISSION,Flute,MUS,161,1,82031,1,FA2,TBA,,,,,,,,TBA,12,6,6,0,"Southard, Robert G.",08/28-12/14,16
,"Written permission of department chair required. Mus 161-185, private instruction. Must audition prior to placement. Special course fees apply: 1 credit = $305; 2 credits for music ed majors = $470; 3 credits = $470 (music performance majors only, or others by permission).",,,,,,,,,,,,,,,,,,,,,,
,,,,,,,#NAME?,TBA,,,,,,,,TBA,,,,,,,
PERMISSION,Flute,MUS,161,11,82408,2,FA2,TBA,,,,,,,,TBA,10,3,7,0,"Southard, Robert G.",08/28-12/14,16
,Written permission of department chair required. Reserved for declared music education majors.,,,,,,,,,,,,,,,,,,,,,,
,,,,,,,#NAME?,TBA,,,,,,,,TBA,,,,,,,
PERMISSION,Flute,MUS,161,2,82032,3,FEE,TBA,,,,,,,,TBA,15,0,15,0,"Southard, Robert G.",08/28-12/14,16
,Written permission of department chair required. Reserved for declared music performance majors.,,,,,,,,,,,,,,,,,,,,,,
,,,,,,,FA2,TBA,,,,,,,,TBA,,,,,,,
PERMISSION,Flute,MUS,161,3,83213,1,FA2,TBA,,,,,,,,TBA,12,3,9,0,"Sooy, Julie A.",08/28-12/14,16
,Written permission of department chair required.,,,,,,,,,,,,,,,,,,,,,,
,,,,,,,#NAME?,TBA,,,,,,,,TBA,,,,,,,
PERMISSION,Oboe,MUS,162,1,82033,1,FA2,TBA,,,,,,,,TBA,12,4,8,0,"Southard, Sarah",08/28-12/14,16
,Written permission of department chair required.,,,,,,,,,,,,,,,,,,,,,,
,,,,,,,#NAME?,TBA,,,,,,,,TBA,,,,,,,
PERMISSION,Oboe,MUS,162,11,82534,2,FEE,TBA,,,,,,,,TBA,10,0,10,0,"Southard, Sarah",08/28-12/14,16
,Reserved for declared music education majors.,,,,,,,,,,,,,,,,,,,,,,
,,,,,,,FA2,TBA,,,,,,,,TBA,,,,,,,
PERMISSION,Oboe,MUS,162,2,82034,3,FA2,TBA,,,,,,,,TBA,5,1,4,0,"Southard, Sarah",08/28-12/14,16
,Written permission of department chair required. Reserved for declared music performance majors.,,,,,,,,,,,,,,,,,,,,,,
,,,,,,,#NAME?,TBA,,,,,,,,TBA,,,,,,,
PERMISSION,Clarinet,MUS,163,1,82035,1,FEE,TBA,,,,,,,,TBA,12,5,7,0,"Schekman, Joel W.",08/28-12/14,16
,Written permission of department chair required.,,,,,,,,,,,,,,,,,,,,,,
,,,,,,,FA2,TBA,,,,,,,,TBA,,,,,,,
PERMISSION,Clarinet,MUS,163,11,82613,2,FEE,TBA,,,,,,,,TBA,10,1,9,0,"Schekman, Joel W.",08/28-12/14,16
,Written permission of department chair required. Reserved for declared music education majors.,,,,,,,,,,,,,,,,,,,,,,
,,,,,,,FA2,TBA,,,,,,,,TBA,,,,,,,
PERMISSION,Clarinet,MUS,163,2,82036,3,FEE,TBA,,,,,,,,TBA,4,0,4,0,"Schekman, Joel W.",08/28-12/14,16
,Written permission of department chair required. Reserved for declared music performance majors.,,,,,,,,,,,,,,,,,,,,,,
,,,,,,,FA2,TBA,,,,,,,,TBA,,,,,,,
PERMISSION,Saxophone,MUS,164,1,82037,1,FA2,TBA,,,,,,,,TBA,12,0,12,0,"Staff, TBA",08/28-12/14,16
,Written permission of department chair required.,,,,,,,,,,,,,,,,,,,,,,
,,,,,,,#NAME?,TBA,,,,,,,,TBA,,,,,,,
PERMISSION,Saxophone,MUS,164,11,82422,2,FA2,TBA,,,,,,,,TBA,10,0,10,0,"Staff, TBA",08/28-12/14,16
,Written permission of department chair required. Reserved for declared music education majors.,,,,,,,,,,,,,,,,,,,,,,
,,,,,,,#NAME?,TBA,,,,,,,,TBA,,,,,,,
PERMISSION,Saxophone,MUS,164,2,82038,3,FEE,TBA,,,,,,,,TBA,5,0,5,0,"Staff, TBA",08/28-12/14,16
,Written permission of department chair required. Reserved for declared music performance majors.,,,,,,,,,,,,,,,,,,,,,,
,,,,,,,FA2,TBA,,,,,,,,TBA,,,,,,,
PERMISSION,Jazz Saxophone,MUS,164,3,82039,1,FEE,TBA,,,,,,,,TBA,12,2,10,0,"Lockwood, Thomas E.",08/28-12/14,16
,Written permission of department chair required.,,,,,,,,,,,,,,,,,,,,,,
,,,,,,,FA2,TBA,,,,,,,,TBA,,,,,,,
PERMISSION,Jazz Saxophone,MUS,164,31,82890,2,FA2,TBA,,,,,,,,TBA,10,1,9,0,"Lockwood, Thomas E.",08/28-12/14,16
,Written permission of department chair required. Reserved for declared music education majors.,,,,,,,,,,,,,,,,,,,,,,
,,,,,,,#NAME?,TBA,,,,,,,,TBA,,,,,,,
PERMISSION,Jazz Saxophone,MUS,164,4,82349,3,FA2,TBA,,,,,,,,TBA,5,0,5,0,"Lockwood, Thomas E.",08/28-12/14,16
,Written permission of department chair required. Reserved for declared music performance majors.,,,,,,,,,,,,,,,,,,,,,,
,,,,,,,#NAME?,TBA,,,,,,,,TBA,,,,,,,
PERMISSION,Bassoon,MUS,165,1,82040,1,FA2,TBA,,,,,,,,TBA,12,1,11,0,"Reilly, Hannah P.",08/28-12/14,16
,Written permission of department chair required.,,,,,,,,,,,,,,,,,,,,,,
,,,,,,,#NAME?,TBA,,,,,,,,TBA,,,,,,,
PERMISSION,Bassoon,MUS,165,11,82561,2,FEE,TBA,,,,,,,,TBA,10,0,10,0,"Reilly, Hannah P.",08/28-12/14,16
,Written permission of department chair required. Reserved for declared music education majors.,,,,,,,,,,,,,,,,,,,,,,
,,,,,,,FA2,TBA,,,,,,,,TBA,,,,,,,
PERMISSION,Bassoon,MUS,165,2,82041,3,FA2,TBA,,,,,,,,TBA,5,1,4,0,"Reilly, Hannah P.",08/28-12/14,16
,Written permission of department chair required. Reserved for declared music performance majors.,,,,,,,,,,,,,,,,,,,,,,
,,,,,,,#NAME?,TBA,,,,,,,,TBA,,,,,,,
PERMISSION,Horn,MUS,166,1,82042,1,FEE,TBA,,,,,,,,TBA,12,1,11,0,"Bassett, Gregory E.",08/28-12/14,16
,Written permission of department chair required.,,,,,,,,,,,,,,,,,,,,,,
,,,,,,,FA2,TBA,,,,,,,,TBA,,,,,,,
PERMISSION,Horn,MUS,166,11,82562,2,FA2,TBA,,,,,,,,TBA,10,0,10,0,"Bassett, Gregory E.",08/28-12/14,16
,Written permission of department chair required. Reserved for declared music education majors.,,,,,,,,,,,,,,,,,,,,,,
,,,,,,,#NAME?,TBA,,,,,,,,TBA,,,,,,,
PERMISSION,Horn,MUS,166,2,82043,3,FA2,TBA,,,,,,,,TBA,5,0,5,0,"Bassett, Gregory E.",08/28-12/14,16
,Written permission of department chair required. Reserved for declared music performance majors.,,,,,,,,,,,,,,,,,,,,,,
,,,,,,,#NAME?,TBA,,,,,,,,TBA,,,,,,,
PERMISSION,Trumpet,MUS,167,1,82044,1,FEE,TBA,,,,,,,,TBA,12,6,6,0,"Ruffer, Jonathan D.",08/28-12/14,16
,Written permission of department chair required.,,,,,,,,,,,,,,,,,,,,,,
,,,,,,,FA2,TBA,,,,,,,,TBA,,,,,,,
PERMISSION,Trumpet,MUS,167,11,82409,2,FA2,TBA,,,,,,,,TBA,10,1,9,0,"Ruffer, Jonathan D.",08/28-12/14,16
,Written permission of department chair required. Reserved for declared music education majors.,,,,,,,,,,,,,,,,,,,,,,
,,,,,,,#NAME?,TBA,,,,,,,,TBA,,,,,,,
PERMISSION,Trumpet,MUS,167,2,82045,3,FA2,TBA,,,,,,,,TBA,5,0,5,0,"Ruffer, Jonathan D.",08/28-12/14,16
,Written permission of department chair required. Reserved for declared music performance majors.,,,,,,,,,,,,,,,,,,,,,,
,,,,,,,#NAME?,TBA,,,,,,,,TBA,,,,,,,
PERMISSION,Jazz Trumpet,MUS,167,3,82046,1,FEE,TBA,,,,,,,,TBA,12,1,11,0,"Coyle, Brian R.",08/28-12/14,16
,Written permission of department chair required.,,,,,,,,,,,,,,,,,,,,,,
,,,,,,,FA2,TBA,,,,,,,,TBA,,,,,,,
PERMISSION,Jazz Trumpet,MUS,167,31,82891,2,FA2,TBA,,,,,,,,TBA,10,0,10,0,"Coyle, Brian R.",08/28-12/14,16
,Written permission of department chair required. Reserved for declared music education majors.,,,,,,,,,,,,,,,,,,,,,,
,,,,,,,#NAME?,TBA,,,,,,,,TBA,,,,,,,
PERMISSION,Jazz Trumpet,MUS,167,4,82324,3,FA2,TBA,,,,,,,,TBA,6,0,6,0,"Coyle, Brian R.",08/28-12/14,16
,Written permission of department chair required. Reserved for declared music performance majors.,,,,,,,,,,,,,,,,,,,,,,
,,,,,,,#NAME?,TBA,,,,,,,,TBA,,,,,,,
PERMISSION,Trombone/Euphonium,MUS,168,1,82047,1,FA2,TBA,,,,,,,,TBA,12,3,9,0,"Graham, Adam E.",08/28-12/14,16
,Written permission of department chair required.,,,,,,,,,,,,,,,,,,,,,,
,,,,,,,#NAME?,TBA,,,,,,,,TBA,,,,,,,
PERMISSION,Trombone/Euphonium,MUS,168,11,82563,2,FA2,TBA,,,,,,,,TBA,10,0,10,0,"Graham, Adam E.",08/28-12/14,16
,Written permission of department chair required. Reserved for declared music education majors.,,,,,,,,,,,,,,,,,,,,,,
,,,,,,,#NAME?,TBA,,,,,,,,TBA,,,,,,,
PERMISSION,Trombone/Euphonium,MUS,168,2,82048,3,FA2,TBA,,,,,,,,TBA,5,0,5,0,"Graham, Adam E.",08/28-12/14,16
,Written permission of department chair required. Reserved for declared music performance majors.,,,,,,,,,,,,,,,,,,,,,,
,,,,,,,#NAME?,TBA,,,,,,,,TBA,,,,,,,
PERMISSION,Jazz Trombone,MUS,168,3,82049,1,FA2,TBA,,,,,,,,TBA,12,0,12,0,"Graham, Adam E.",08/28-12/14,16
,Written permission of department chair required.,,,,,,,,,,,,,,,,,,,,,,
,,,,,,,#NAME?,TBA,,,,,,,,TBA,,,,,,,
PERMISSION,Jazz Trombone,MUS,168,31,82892,2,FEE,TBA,,,,,,,,TBA,10,0,10,0,"Graham, Adam E.",08/28-12/14,16
,Written permission of department chair required. Reserved for declared music education majors.,,,,,,,,,,,,,,,,,,,,,,
,,,,,,,FA2,TBA,,,,,,,,TBA,,,,,,,
PERMISSION,Jazz Trombone,MUS,168,4,82350,3,FEE,TBA,,,,,,,,TBA,5,0,5,0,"Graham, Adam E.",08/28-12/14,16
,Written permission of department chair required. Reserved for declared music performance majors.,,,,,,,,,,,,,,,,,,,,,,
,,,,,,,FA2,TBA,,,,,,,,TBA,,,,,,,
PERMISSION,Tuba,MUS,170,1,82050,1,FA2,TBA,,,,,,,,TBA,12,0,12,0,"Graham, Adam E.",08/28-12/14,16
,Written permission of department chair required.,,,,,,,,,,,,,,,,,,,,,,
,,,,,,,#NAME?,TBA,,,,,,,,TBA,,,,,,,
PERMISSION,Tuba,MUS,170,11,82564,2,FEE,TBA,,,,,,,,TBA,10,0,10,0,"Graham, Adam E.",08/28-12/14,16
,Written permission of department chair required. Reserved for declared music education majors.,,,,,,,,,,,,,,,,,,,,,,
,,,,,,,FA2,TBA,,,,,,,,TBA,,,,,,,
PERMISSION,Tuba,MUS,170,2,82051,3,FA2,TBA,,,,,,,,TBA,5,0,5,0,"Graham, Adam E.",08/28-12/14,16
,Written permission of department chair required. Reserved for declared music performance majors.,,,,,,,,,,,,,,,,,,,,,,
,,,,,,,#NAME?,TBA,,,,,,,,TBA,,,,,,,
PERMISSION,Percussion,MUS,171,1,82052,1,FEE,TBA,,,,,,,,TBA,12,2,10,0,"Fashun, Christopher H.",08/28-12/14,16
,Written permission of department chair required.,,,,,,,,,,,,,,,,,,,,,,
,,,,,,,FA2,TBA,,,,,,,,TBA,,,,,,,
PERMISSION,Percussion,MUS,171,11,82565,2,FA2,TBA,,,,,,,,TBA,10,0,10,0,"Fashun, Christopher H.",08/28-12/14,16
,Written permission of department chair required. Reserved for declared music education majors.,,,,,,,,,,,,,,,,,,,,,,
,,,,,,,#NAME?,TBA,,,,,,,,TBA,,,,,,,
PERMISSION,Percussion,MUS,171,2,82053,3,FEE,TBA,,,,,,,,TBA,5,0,5,0,"Fashun, Christopher H.",08/28-12/14,16
,Written permission of department chair required. Reserved for declared music performance majors.,,,,,,,,,,,,,,,,,,,,,,
,,,,,,,FA2,TBA,,,,,,,,TBA,,,,,,,
PERMISSION,Drumset,MUS,171,3,82054,1,FA2,TBA,,,,,,,,TBA,20,5,15,0,"Shoup, Jeffrey A.",08/28-12/14,16
,Written permission of department chair required.,,,,,,,,,,,,,,,,,,,,,,
,,,,,,,#NAME?,TBA,,,,,,,,TBA,,,,,,,
PERMISSION,Drumset,MUS,171,31,82893,2,FA2,TBA,,,,,,,,TBA,10,0,10,0,"Shoup, Jeffrey A.",08/28-12/14,16
,Written permission of department chair required. Reserved for declared music education majors.,,,,,,,,,,,,,,,,,,,,,,
,,,,,,,#NAME?,TBA,,,,,,,,TBA,,,,,,,
PERMISSION,Drumset,MUS,171,4,82346,3,FEE,TBA,,,,,,,,TBA,5,1,4,0,"Shoup, Jeffrey A.",08/28-12/14,16
,Written permission of department chair required. Reserved for declared music performance majors.,,,,,,,,,,,,,,,,,,,,,,
,,,,,,,FA2,TBA,,,,,,,,TBA,,,,,,,
PERMISSION,Harp,MUS,172,1,82497,1,FEE,TBA,,,,,,,,TBA,12,1,11,0,"Waldvogel-Warren, Martha",08/28-12/14,16
,Written permission of department chair required.,,,,,,,,,,,,,,,,,,,,,,
,,,,,,,FA2,TBA,,,,,,,,TBA,,,,,,,
PERMISSION,Harp,MUS,172,11,82566,2,FEE,TBA,,,,,,,,TBA,10,0,10,0,"Waldvogel-Warren, Martha",08/28-12/14,16
,Written permission of department chair required. Reserved for declared music education majors.,,,,,,,,,,,,,,,,,,,,,,
,,,,,,,FA2,TBA,,,,,,,,TBA,,,,,,,
PERMISSION,Harp,MUS,172,2,82498,3,FEE,TBA,,,,,,,,TBA,5,0,5,0,"Waldvogel-Warren, Martha",08/28-12/14,16
,Written permission of department chair required. Reserved for declared music performance majors.,,,,,,,,,,,,,,,,,,,,,,
,,,,,,,FA2,TBA,,,,,,,,TBA,,,,,,,
PERMISSION,Violin,MUS,173,1,82055,1,FA2,TBA,,,,,,,,TBA,12,5,7,0,"Craioveanu, Mihai D.",08/28-12/14,16
,Written permission of department chair required.,,,,,,,,,,,,,,,,,,,,,,
,,,,,,,#NAME?,TBA,,,,,,,,TBA,,,,,,,
PERMISSION,Violin,MUS,173,11,82410,2,FA2,TBA,,,,,,,,TBA,10,0,10,0,"Craioveanu, Mihai D.",08/28-12/14,16
,Written permission of department chair required. Reserved for declared music education majors.,,,,,,,,,,,,,,,,,,,,,,
,,,,,,,#NAME?,TBA,,,,,,,,TBA,,,,,,,
PERMISSION,Violin,MUS,173,2,82056,3,FA2,TBA,,,,,,,,TBA,5,2,3,0,"Craioveanu, Mihai D.",08/28-12/14,16
,Written permission of department chair required. Reserved for declared music performance majors.,,,,,,,,,,,,,,,,,,,,,,
,,,,,,,#NAME?,TBA,,,,,,,,TBA,,,,,,,
PERMISSION,Viola,MUS,174,1,82319,1,FA2,TBA,,,,,,,,TBA,12,9,3,0,"Corbato, Barbara",08/28-12/14,16
,Written permission of department chair required.,,,,,,,,,,,,,,,,,,,,,,
,,,,,,,#NAME?,TBA,,,,,,,,TBA,,,,,,,
PERMISSION,Viola,MUS,174,11,82431,2,FA2,TBA,,,,,,,,TBA,10,0,10,0,"Corbato, Barbara",08/28-12/14,16
,Reserved for declared music education majors.,,,,,,,,,,,,,,,,,,,,,,
,,,,,,,#NAME?,TBA,,,,,,,,TBA,,,,,,,
PERMISSION,Viola,MUS,174,2,82320,3,FA2,TBA,,,,,,,,TBA,5,1,4,0,"Corbato, Barbara",08/28-12/14,16
,Written permission of department chair required. Reserved for declared music performance majors.,,,,,,,,,,,,,,,,,,,,,,
,,,,,,,#NAME?,TBA,,,,,,,,TBA,,,,,,,
PERMISSION,Cello,MUS,175,1,82057,1,FEE,TBA,,,,,,,,TBA,12,6,6,0,"Eppinga, Alicia A.",08/28-12/14,16
,Written permission of department chair required.,,,,,,,,,,,,,,,,,,,,,,
,,,,,,,FA2,TBA,,,,,,,,TBA,,,,,,,
PERMISSION,Cello,MUS,175,11,82411,2,FEE,TBA,,,,,,,,TBA,10,0,10,0,"Eppinga, Alicia A.",08/28-12/14,16
,Written permission of department chair required. Reserved for declared music education majors.,,,,,,,,,,,,,,,,,,,,,,
,,,,,,,FA2,TBA,,,,,,,,TBA,,,,,,,
PERMISSION,Cello,MUS,175,2,82058,3,FEE,TBA,,,,,,,,TBA,5,3,2,0,"Eppinga, Alicia A.",08/28-12/14,16
,Written permission of department chair required. Reserved for declared music performance majors.,,,,,,,,,,,,,,,,,,,,,,
,,,,,,,FA2,TBA,,,,,,,,TBA,,,,,,,
PERMISSION,String Bass,MUS,176,1,82432,1,FA2,TBA,,,,,,,,TBA,12,2,10,0,"Hovnanian, Michael A.",08/28-12/14,16
,Written permission of department chair required.,,,,,,,,,,,,,,,,,,,,,,
,,,,,,,#NAME?,TBA,,,,,,,,TBA,,,,,,,
PERMISSION,String Bass,MUS,176,11,82567,2,FEE,TBA,,,,,,,,TBA,10,0,10,0,"Hovnanian, Michael A.",08/28-12/14,16
,Written permission of department chair required. Reserved for declared music education majors.,,,,,,,,,,,,,,,,,,,,,,
,,,,,,,FA2,TBA,,,,,,,,TBA,,,,,,,
PERMISSION,String Bass,MUS,176,2,82433,3,FA2,TBA,,,,,,,,TBA,5,0,5,0,"Hovnanian, Michael A.",08/28-12/14,16
,Written permission of department chair required. Reserved for declared music performance majors.,,,,,,,,,,,,,,,,,,,,,,
,,,,,,,#NAME?,TBA,,,,,,,,TBA,,,,,,,
PERMISSION,Contemporary and Jazz Bass,MUS,176,3,82059,1,FEE,TBA,,,,,,,,TBA,12,1,11,0,"Lockwood, Thomas E.",08/28-12/14,16
,Written permission of department chair required.,,,,,,,,,,,,,,,,,,,,,,
,,,,,,,FA2,TBA,,,,,,,,TBA,,,,,,,
PERMISSION,Contemporary and Jazz Bass,MUS,176,31,82894,2,FA2,TBA,,,,,,,,TBA,10,0,10,0,"Lockwood, Thomas E.",08/28-12/14,16
,Written permission of department chair required. Reserved for declared music education majors.,,,,,,,,,,,,,,,,,,,,,,
,,,,,,,#NAME?,TBA,,,,,,,,TBA,,,,,,,
PERMISSION,Contemporary and Jazz Bass,MUS,176,4,82351,3,FEE,TBA,,,,,,,,TBA,5,0,5,0,"Lockwood, Thomas E.",08/28-12/14,16
,Written permission of department chair required. Reserved for declared music performance majors.,,,,,,,,,,,,,,,,,,,,,,
,,,,,,,FA2,TBA,,,,,,,,TBA,,,,,,,
PERMISSION,Organ,MUS,177,1,82060,1,FEE,TBA,,,,,,,,TBA,12,1,11,0,"Lewis, Huw R.",08/28-12/14,16
,Written permission of department chair required.,,,,,,,,,,,,,,,,,,,,,,
,,,,,,,FA2,TBA,,,,,,,,TBA,,,,,,,
PERMISSION,Organ,MUS,177,11,82412,2,FA2,TBA,,,,,,,,TBA,10,0,10,0,"Lewis, Huw R.",08/28-12/14,16
,Written permission of department chair required. Reserved for declared music education majors.,,,,,,,,,,,,,,,,,,,,,,
,,,,,,,#NAME?,TBA,,,,,,,,TBA,,,,,,,
PERMISSION,Organ,MUS,177,2,82061,3,FA2,TBA,,,,,,,,TBA,5,2,3,0,"Lewis, Huw R.",08/28-12/14,16
,Written permission of department chair required. Reserved for declared music performance majors.,,,,,,,,,,,,,,,,,,,,,,
,,,,,,,#NAME?,TBA,,,,,,,,TBA,,,,,,,
PERMISSION,Jazz Organ,MUS,177J,3,82887,1,FA2,TBA,,,,,,,,TBA,12,4,8,0,"Monaco, Anthony G.",08/28-12/14,16
,Written permission of department chair required.,,,,,,,,,,,,,,,,,,,,,,
,,,,,,,#NAME?,TBA,,,,,,,,TBA,,,,,,,
PERMISSION,Jazz Organ,MUS,177J,31,82889,2,FEE,TBA,,,,,,,,TBA,10,0,10,0,"Monaco, Anthony G.",08/28-12/14,16
,Written permission of department chair required. Reserved for declared music education majors.,,,,,,,,,,,,,,,,,,,,,,
,,,,,,,FA2,TBA,,,,,,,,TBA,,,,,,,
PERMISSION,Jazz Organ,MUS,177J,4,82888,3,FA2,TBA,,,,,,,,TBA,5,0,5,0,"Monaco, Anthony G.",08/28-12/14,16
,Written permission of department chair required. Reserved for declared music performance majors.,,,,,,,,,,,,,,,,,,,,,,
,,,,,,,#NAME?,TBA,,,,,,,,TBA,,,,,,,
PERMISSION,Piano,MUS,179,3,82062,1,FA2,TBA,,,,,,,,TBA,10,3,7,0,"Kim, Mi-Eun S.",08/28-12/14,16
,"Written permission of department chair required. Students who have not studied piano at Hope must first register for Mus 050, then audition on Monday, August 27 for placement into this course.",,,,,,,,,,,,,,,,,,,,,,
,,,,,,,#NAME?,TBA,,,,,,,,TBA,,,,,,,
PERMISSION,Piano,MUS,179,31,82407,2,FEE,TBA,,,,,,,,TBA,10,2,8,0,"Kim, Mi-Eun S.",08/28-12/14,16
,Written permission of department chair required. Reserved for declared music education majors.,,,,,,,,,,,,,,,,,,,,,,
,,,,,,,FA2,TBA,,,,,,,,TBA,,,,,,,
PERMISSION,Piano,MUS,179,4,82063,3,FA2,TBA,,,,,,,,TBA,10,4,6,0,"Kim, Mi-Eun S.",08/28-12/14,16
,Written permission of department chair required. Reserved for declared music performance majors.,,,,,,,,,,,,,,,,,,,,,,
,,,,,,,#NAME?,TBA,,,,,,,,TBA,,,,,,,
PERMISSION,Piano,MUS,179,7,82512,1,FEE,TBA,,,,,,,,TBA,10,6,4,0,"Kolean, Lora L.",08/28-12/14,16
,"Written permission of department chair required. Students who have not studied piano at Hope must first register for Mus 050, then audition on Monday, August 27 for placement into this course.",,,,,,,,,,,,,,,,,,,,,,
,,,,,,,FA2,TBA,,,,,,,,TBA,,,,,,,
PERMISSION,Piano,MUS,179,71,82910,2,FA2,TBA,,,,,,,,TBA,10,1,9,0,"Kolean, Lora L.",08/28-12/14,16
,Written permission of department chair required. Reserved for declared music education majors.,,,,,,,,,,,,,,,,,,,,,,
,,,,,,,#NAME?,TBA,,,,,,,,TBA,,,,,,,
PERMISSION,Piano,MUS,179,8,82619,3,FA2,TBA,,,,,,,,TBA,10,2,8,0,"Kolean, Lora L.",08/28-12/14,16
,Written permission of department chair required. Reserved for declared music performance majors.,,,,,,,,,,,,,,,,,,,,,,
,,,,,,,#NAME?,TBA,,,,,,,,TBA,,,,,,,
PERMISSION,Harpsichord,MUS,179H,1,83804,1,FA2,TBA,,,,,,,,TBA,10,1,9,0,"Lewis, Huw R.",08/28-12/14,16
,Written permission of department chair required.,,,,,,,,,,,,,,,,,,,,,,
,,,,,,,#NAME?,TBA,,,,,,,,TBA,,,,,,,
PERMISSION,Harpsichord,MUS,179H,11,83805,2,FA2,TBA,,,,,,,,TBA,10,0,10,0,"Lewis, Huw R.",08/28-12/14,16
,Written permission of department chair required. Reserved for declared music education majors.,,,,,,,,,,,,,,,,,,,,,,
,,,,,,,#NAME?,TBA,,,,,,,,TBA,,,,,,,
PERMISSION,Harpsichord,MUS,179H,2,83802,3,FA2,TBA,,,,,,,,TBA,5,0,5,0,"Lewis, Huw R.",08/28-12/14,16
,Written permission of department chair required. Reserved for declared music performance majors.,,,,,,,,,,,,,,,,,,,,,,
,,,,,,,#NAME?,TBA,,,,,,,,TBA,,,,,,,
PERMISSION,Contemporary and Jazz Piano,MUS,179J,5,82388,1,FA2,TBA,,,,,,,,TBA,10,8,2,0,"Talaga, Stephen C.",08/28-12/14,16
,Written permission of department chair required.,,,,,,,,,,,,,,,,,,,,,,
,,,,,,,#NAME?,TBA,,,,,,,,TBA,,,,,,,
PERMISSION,Contemporary and Jazz Piano,MUS,179J,51,82895,2,FA2,TBA,,,,,,,,TBA,10,0,10,0,"Talaga, Stephen C.",08/28-12/14,16
,Written permission of department chair required. Reserved for declared music education majors.,,,,,,,,,,,,,,,,,,,,,,
,,,,,,,#NAME?,TBA,,,,,,,,TBA,,,,,,,
PERMISSION,Contemporary and Jazz Piano,MUS,179J,6,82389,3,FA2,TBA,,,,,,,,TBA,10,0,10,0,"Talaga, Stephen C.",08/28-12/14,16
,Written permission of department chair required. Reserved for declared music performance majors.,,,,,,,,,,,,,,,,,,,,,,
,,,,,,,#NAME?,TBA,,,,,,,,TBA,,,,,,,
PERMISSION,Guitar,MUS,180,1,82064,1,FA2,TBA,,,,,,,,TBA,25,19,6,0,"Martin, David J.",08/28-12/14,16
,Written permission of department chair required.,,,,,,,,,,,,,,,,,,,,,,
,,,,,,,#NAME?,TBA,,,,,,,,TBA,,,,,,,
PERMISSION,Guitar,MUS,180,11,82568,2,FA2,TBA,,,,,,,,TBA,5,0,5,0,"Martin, David J.",08/28-12/14,16
,Written permission of department chair required. Reserved for declared music education majors.,,,,,,,,,,,,,,,,,,,,,,
,,,,,,,#NAME?,TBA,,,,,,,,TBA,,,,,,,
PERMISSION,Guitar,MUS,180,2,82065,3,FA2,TBA,,,,,,,,TBA,5,0,5,0,"Martin, David J.",08/28-12/14,16
,Written permission of department chair required. Reserved for declared music performance majors.,,,,,,,,,,,,,,,,,,,,,,
,,,,,,,#NAME?,TBA,,,,,,,,TBA,,,,,,,
PERMISSION,Banjo,MUS,180B,1,82821,1,FA2,TBA,,,,,,,,TBA,15,1,14,0,"Roberts, Nathaniel J.",08/28-12/14,16
,Written permission of department chair required.,,,,,,,,,,,,,,,,,,,,,,
,,,,,,,#NAME?,TBA,,,,,,,,TBA,,,,,,,
PERMISSION,Banjo,MUS,180B,11,82896,2,FEE,TBA,,,,,,,,TBA,15,0,15,0,"Roberts, Nathaniel J.",08/28-12/14,16
,Written permission of department chair required. Reserved for declared music education majors.,,,,,,,,,,,,,,,,,,,,,,
,,,,,,,FA2,TBA,,,,,,,,TBA,,,,,,,
PERMISSION,Banjo,MUS,180B,2,82822,3,FEE,TBA,,,,,,,,TBA,15,2,13,0,"Roberts, Nathaniel J.",08/28-12/14,16
,Written permission of department chair required. Reserved for declared music performance majors.,,,,,,,,,,,,,,,,,,,,,,
,,,,,,,FA2,TBA,,,,,,,,TBA,,,,,,,
PERMISSION,Contemporary and Jazz Guitar,MUS,180J,1,82823,1,FA2,TBA,,,,,,,,TBA,30,2,28,0,"Roberts, Nathaniel J.",08/28-12/14,16
,Written permission of department chair required.,,,,,,,,,,,,,,,,,,,,,,
,,,,,,,#NAME?,TBA,,,,,,,,TBA,,,,,,,
PERMISSION,Contemporary and Jazz Guitar,MUS,180J,11,82897,2,FA2,TBA,,,,,,,,TBA,15,0,15,0,"Roberts, Nathaniel J.",08/28-12/14,16
,Written permission of department chair required. Reserved for declared music education majors.,,,,,,,,,,,,,,,,,,,,,,
,,,,,,,#NAME?,TBA,,,,,,,,TBA,,,,,,,
PERMISSION,Contemporary and Jazz Guitar,MUS,180J,2,82824,3,FEE,TBA,,,,,,,,TBA,15,1,14,0,"Roberts, Nathaniel J.",08/28-12/14,16
,Reserved for declared music performance majors.,,,,,,,,,,,,,,,,,,,,,,
,,,,,,,FA2,TBA,,,,,,,,TBA,,,,,,,
PERMISSION,Mandolin,MUS,180M,1,82825,1,FEE,TBA,,,,,,,,TBA,15,1,14,0,"Roberts, Nathaniel J.",08/28-12/14,16
,Written permission of department chair required.,,,,,,,,,,,,,,,,,,,,,,
,,,,,,,FA2,TBA,,,,,,,,TBA,,,,,,,
PERMISSION,Mandolin,MUS,180M,11,82898,2,FA2,TBA,,,,,,,,TBA,15,0,15,0,"Roberts, Nathaniel J.",08/28-12/14,16
,Written permission of department chair required. Reserved for declared music education majors.,,,,,,,,,,,,,,,,,,,,,,
,,,,,,,#NAME?,TBA,,,,,,,,TBA,,,,,,,
PERMISSION,Mandolin,MUS,180M,2,82826,3,FA2,TBA,,,,,,,,TBA,5,0,5,0,"Roberts, Nathaniel J.",08/28-12/14,16
,Written permission of department chair required. Reserved for declared music performance majors.,,,,,,,,,,,,,,,,,,,,,,
,,,,,,,#NAME?,TBA,,,,,,,,TBA,,,,,,,
PERMISSION,Voice,MUS,181,1,82066,1,FEE,TBA,,,,,,,,TBA,20,11,9,0,"Kim, JungWoo",08/28-12/14,16
,Written permission of department chair required.,,,,,,,,,,,,,,,,,,,,,,
,,,,,,,FA2,TBA,,,,,,,,TBA,,,,,,,
PERMISSION,Voice,MUS,181,11,82404,2,FEE,TBA,,,,,,,,TBA,10,6,4,0,"Kim, JungWoo",08/28-12/14,16
,Written permission of department chair required. Reserved for declared music education majors.,,,,,,,,,,,,,,,,,,,,,,
,,,,,,,FA2,TBA,,,,,,,,TBA,,,,,,,
PERMISSION,Voice,MUS,181,2,82067,3,FEE,TBA,,,,,,,,TBA,20,2,18,0,"Kim, JungWoo",08/28-12/14,16
,Written permission of department chair required. Reserved for declared music performance majors.,,,,,,,,,,,,,,,,,,,,,,
,,,,,,,FA2,TBA,,,,,,,,TBA,,,,,,,
PERMISSION,Voice,MUS,181,3,82068,1,FEE,TBA,,,,,,,,TBA,20,5,15,0,"Dykstra, Linda L.",08/28-12/14,16
,Written permission of department chair required.,,,,,,,,,,,,,,,,,,,,,,
,,,,,,,FA2,TBA,,,,,,,,TBA,,,,,,,
PERMISSION,Voice,MUS,181,31,82405,2,FEE,TBA,,,,,,,,TBA,10,2,8,0,"Dykstra, Linda L.",08/28-12/14,16
,Written permission of department chair required. Reserved for declared music education majors.,,,,,,,,,,,,,,,,,,,,,,
,,,,,,,FA2,TBA,,,,,,,,TBA,,,,,,,
PERMISSION,Voice,MUS,181,4,82069,3,FA2,TBA,,,,,,,,TBA,20,4,16,0,"Dykstra, Linda L.",08/28-12/14,16
,Written permission of department chair required. Reserved for declared music performance majors.,,,,,,,,,,,,,,,,,,,,,,
,,,,,,,#NAME?,TBA,,,,,,,,TBA,,,,,,,
PERMISSION,Voice,MUS,181,5,82070,1,FA2,TBA,,,,,,,,TBA,20,0,20,0,"Staff, TBA",08/28-12/14,16
,Written permission of department chair required.,,,,,,,,,,,,,,,,,,,,,,
,,,,,,,#NAME?,TBA,,,,,,,,TBA,,,,,,,
PERMISSION,Voice,MUS,181,51,82406,2,FEE,TBA,,,,,,,,TBA,10,0,10,0,"Staff, TBA",08/28-12/14,16
,Written permission of department chair required. Reserved for declared music education majors.,,,,,,,,,,,,,,,,,,,,,,
,,,,,,,FA2,TBA,,,,,,,,TBA,,,,,,,
PERMISSION,Voice,MUS,181,6,82071,3,FA2,TBA,,,,,,,,TBA,10,0,10,0,"Staff, TBA",08/28-12/14,16
,Written permission of department chair required. Reserved for declared music performance majors.,,,,,,,,,,,,,,,,,,,,,,
,,,,,,,#NAME?,TBA,,,,,,,,TBA,,,,,,,
PERMISSION,Voice,MUS,181,7,82072,1,FEE,TBA,,,,,,,,TBA,20,15,5,0,"Pilon, Sherri L.",08/28-12/14,16
,Written permission of department chair required.,,,,,,,,,,,,,,,,,,,,,,
,,,,,,,FA2,TBA,,,,,,,,TBA,,,,,,,
PERMISSION,Voice,MUS,181,8,83769,1,FEE,TBA,,,,,,,,TBA,20,12,8,0,"Penning Koperski, Diane",08/28-12/14,16
,Written permission of department chair required.,,,,,,,,,,,,,,,,,,,,,,
,,,,,,,FA2,TBA,,,,,,,,TBA,,,,,,,
PERMISSION,Voice,MUS,181,81,83770,2,FEE,TBA,,,,,,,,TBA,10,0,10,0,"Penning Koperski, Diane",08/28-12/14,16
,Written permission of department chair required. Reserved for declared music education majors.,,,,,,,,,,,,,,,,,,,,,,
,,,,,,,FA2,TBA,,,,,,,,TBA,,,,,,,
PERMISSION,Voice,MUS,181,9,83771,3,FEE,TBA,,,,,,,,TBA,10,0,10,0,"Penning Koperski, Diane",08/28-12/14,16
,Written permission of department chair required. Reserved for declared music performance majors.,,,,,,,,,,,,,,,,,,,,,,
,,,,,,,FA2,TBA,,,,,,,,TBA,,,,,,,
CANCELLED,Contemporary and Jazz Voice,MUS,182,1,82468,1,FEE,TBA,,,,,,,,TBA,0,0,0,0,Staff,08/28-12/14,16
,Written permission of department chair required.,,,,,,,,,,,,,,,,,,,,,,
,,,,,,,FA2,TBA,,,,,,,,TBA,,,,,,,
CANCELLED,Contemporary and Jazz Voice,MUS,182,11,82899,2,FA2,TBA,,,,,,,,TBA,0,0,0,0,Staff,08/28-12/14,16
,Written permission of department chair required. Reserved for declared music education majors.,,,,,,,,,,,,,,,,,,,,,,
,,,,,,,#NAME?,TBA,,,,,,,,TBA,,,,,,,
CANCELLED,Contemporary and Jazz Voice,MUS,182,2,82708,3,FA2,TBA,,,,,,,,TBA,0,0,0,0,Staff,08/28-12/14,16
,Written permission of department chair required. Reserved for declared music performance majors.,,,,,,,,,,,,,,,,,,,,,,
,,,,,,,#NAME?,TBA,,,,,,,,TBA,,,,,,,
IN PROGRESS,"Classical Guitar Class, Begin",MUS,186,1,82620,2,FA2,M, ,W, , , , ,1600-1650,JHMILR 192,14,8,6,0,"Martin, David J.",08/28-12/14,16
IN PROGRESS,Folk Style Guitar Methods,MUS,187,1,82627,2,FA2,M, ,W, , , , ,1700-1750,JHMILR 192,14,10,4,0,"Martin, David J.",08/28-12/14,16
PERMISSION,Applied Composition,MUS,188,1,82073,2,FA2,TBA,,,,,,,,TBA,10,1,9,0,"Talaga, Stephen C.",08/28-12/14,16
,Written permission of instructor required.,,,,,,,,,,,,,,,,,,,,,,
,,,,,,,#NAME?,TBA,,,,,,,,TBA,,,,,,,
PERMISSION,Applied Composition,MUS,188,2,82074,3,FEE,TBA,,,,,,,,TBA,10,0,10,0,"Talaga, Stephen C.",08/28-12/14,16
,Written permission of instructor required.,,,,,,,,,,,,,,,,,,,,,,
,,,,,,,FA2,TBA,,,,,,,,TBA,,,,,,,
PERMISSION,Applied Computer Music,MUS,189,1,82075,2,FEE,TBA,,,,,,,,TBA,6,0,6,0,"Elliot, Drew I.",08/28-12/14,16
,Written permission of instructor required. Meets in Recording Arts Center.,,,,,,,,,,,,,,,,,,,,,,
,,,,,,,FA2,TBA,,,,,,,,TBA,,,,,,,
PERMISSION,Applied Computer Music,MUS,189,2,82076,3,FEE,TBA,,,,,,,,TBA,6,5,1,0,"Elliot, Drew I.",08/28-12/14,16
,Written permission of instructor required. Reserved for music and computer science majors. Meets in Recording Arts Center.,,,,,,,,,,,,,,,,,,,,,,
,,,,,,,FA2,TBA,,,,,,,,TBA,,,,,,,
IN PROGRESS,"Piano Class, Beginning",MUS,190,1,82621,2,FA2, ,T, ,R, , , ,0900-0950,JHMILR 193,14,13,1,0,"Kolean, Lora L.",08/28-12/14,16
IN PROGRESS,"Piano Class, Beginning",MUS,190,2,82622,2,FA2, ,T, ,R, , , ,1000-1050,JHMILR 193,14,11,3,0,"Kolean, Lora L.",08/28-12/14,16
IN PROGRESS,"Piano Class, Beginning",MUS,190,3,82628,2,FA2, , ,W, ,F, , ,1300-1350,JHMILR 193,14,13,1,0,"Strouf, Linda K.",08/28-12/14,16
IN PROGRESS,"Piano Class, Beginning",MUS,190,4,82629,2,FA2, , ,W, ,F, , ,1400-1450,JHMILR 193,14,13,1,0,"Strouf, Linda K.",08/28-12/14,16
IN PROGRESS,"Piano Class, Intermediate",MUS,191,1,83658,2,FA2, ,T, ,R, , , ,1400-1450,JHMILR 193,14,9,5,0,"Kolean, Lora L.",08/28-12/14,16
IN PROGRESS,"Voice Class, Beginning",MUS,192,1,82623,2,FA2,M, ,W, , , , ,1200-1250,JHMILR 140,12,11,1,0,"Pilon, Sherri L.",08/28-12/14,16
PERMISSION,"Voice Class, Beginning",MUS,192,2,83839,1,FA2,M, ,W, , , , ,1200-1250,JHMILR 140,12,0,1,0,"Pilon, Sherri L.",08/28-12/14,16
,Written permission of department chair required. Reserved for declared vocal music education majors.,,,,,,,,,,,,,,,,,,,,,,
IN PROGRESS,Keyboard Skills IA,MUS,197,1,82077,1,,M, ,W, ,F, , ,0830-0920,JHMILR 193,14,7,7,0,"Strouf, Linda K.",08/28-12/14,16
IN PROGRESS,Keyboard Skills IA,MUS,197,2,82508,1,,M, ,W, ,F, , ,0930-1020,JHMILR 193,14,6,8,0,"Strouf, Linda K.",08/28-12/14,16
IN PROGRESS,Eurhythmics I,MUS,201,1,82630,0.5,,TBA,,,,,,,,TBA,20,14,6,0,"Dittus, Jeremy K.",08/28-12/14,16
,Class meets two weekends: September 29-30 and November 17-18.,,,,,,,,,,,,,,,,,,,,,,
IN PROGRESS,Theory III,MUS,211,2,82078,4,,M, ,W, ,F, , ,0930-1020,JHMILR 192,16,12,4,0,"Lewis, Huw R.",08/28-12/14,16
CLOSED,Aural Skills III,MUS,213,1,82439,1,,M, ,W, ,F, , ,0830-0920,JHMILR 192,16,17,-1,0,"Wolfe, Jennifer A.",08/28-12/14,16
CANCELLED,Wind Repertoire,MUS,295,1,83727,1,,TBA,,,,,,,,TBA,0,0,0,0,Staff,08/28-12/14,16
IN PROGRESS,Folk Music,MUS,295,2,83906,1,,TBA,,,,,,,,TBA,15,13,2,0,"Roberts, Nathaniel J.",08/28-12/14,16
IN PROGRESS,Keyboard Skills - Intermediate,MUS,297,1,82079,1,,M, ,W, ,F, , ,1100-1150,JHMILR 193,14,7,7,0,"Strouf, Linda K.",08/28-12/14,16
IN PROGRESS,Elem Mus & Classroom Mgmt,MUS,300,1,82080,4,, ,T, ,R, , , ,1200-1320,JHMILR 192,15,4,11,0,"Hornbach, Christina M.",08/28-12/14,16
IN PROGRESS,Music Literature After 1750,MUS,323,1,83728,4,,M, ,W, ,F, , ,1100-1150,JHMILR 192,24,8,16,0,"Southard, Sarah",08/28-12/14,16
IN PROGRESS,Music in the Church,MUS,328,1,83729,3,,M, ,W, ,F, , ,1300-1350,JHMILR 192,15,11,4,0,"Lewis, Huw R.",08/28-12/14,16
CANCELLED,"Violin/Viola Pedagogy, Lit",MUS,335,1,83449,3,,TBA,,,,,,,,TBA,0,0,0,0,Staff,08/28-12/14,16
IN PROGRESS,Woodwind Methods I,MUS,336,01A,83731,0.5,, ,T, ,R, , , ,0930-1020,JHMILR 140,10,4,6,0,"Schekman, Joel W.",08/28-10/17,8
,Meets first half of semester.,,,,,,,,,,,,,,,,,,,,,,
IN PROGRESS,Woodwind Methods II,MUS,336,01B,83732,0.5,, ,T, ,R, , , ,0930-1020,JHMILR 140,10,4,6,0,"Schekman, Joel W.",10/18-12/14,8
,Meets last half of semester.,,,,,,,,,,,,,,,,,,,,,,
IN PROGRESS,Instrum of Band & Orchestra I,MUS,337,01A,83733,0.5,, ,T, ,R, , , ,1400-1450,JHMILR 140,10,5,5,0,"Southard, Sarah",08/28-10/17,8
,Meets first half of semester.,,,,,,,,,,,,,,,,,,,,,,
IN PROGRESS,Instrum of Band & Orchestra II,MUS,337,01B,83734,0.5,, ,T, ,R, , , ,1400-1450,JHMILR 140,10,5,5,0,"Craioveanu, Mihai D.",10/18-12/14,8
,Meets last half of semester.,,,,,,,,,,,,,,,,,,,,,,
IN PROGRESS,Woodwind Methods III,MUS,340,01A,83735,0.5,, ,T, ,R, , , ,0830-0920,JHMILR 140,10,4,6,0,"Southard, Robert G.",08/28-10/17,8
,Meets first half of semester.,,,,,,,,,,,,,,,,,,,,,,
IN PROGRESS,Woodwind Methods IV,MUS,340,01B,83736,0.5,, ,T, ,R, , , ,0830-0920,JHMILR 140,10,4,6,0,"Southard, Sarah",10/18-12/14,8
,Meets last half of semester.,,,,,,,,,,,,,,,,,,,,,,
IN PROGRESS,Conducting Techniques,MUS,345,1,82340,2,,M, ,W, , , , ,1300-1350,JHMILR 140,15,5,10,0,"Southard, Robert G.",08/28-12/14,16
CANCELLED,Percussion Methods,MUS,346,1,83376,1,,TBA,,,,,,,,TBA,0,0,0,0,Staff,08/28-12/14,16
IN PROGRESS,Diction for Singers II,MUS,348,1,83730,1,, , ,W, , , , ,1500-1650,JHMILR 140,10,3,7,0,"Kim, JungWoo",08/28-12/14,16
IN PROGRESS,Jazz Theory & Improvisation I,MUS,361,1,82767,3,,TBA,,,,,,,,TBA,15,2,13,0,"Talaga, Stephen C.",08/28-12/14,16
IN PROGRESS,Jazz Composition & Arranging I,MUS,366,1,82768,3,,TBA,,,,,,,,TBA,15,2,13,0,"Talaga, Stephen C.",08/28-12/14,16
IN PROGRESS,Recording Arts & Techniques,MUS,368,1,82243,2,, , ,W, , , , ,1500-1650,JHMILR 134,10,9,1,0,"Elliot, Drew I.",08/28-12/14,16
IN PROGRESS,Junior Recital,MUS,392,1,83512,0,,TBA,,,,,,,,TBA,10,0,10,0,"Baer, Marc B.",08/28-12/14,16
IN PROGRESS,Recording Arts II,MUS,395,1,83234,4,,TBA,,,,,,,,TBA,10,8,2,0,"Elliot, Drew I.",08/28-12/14,16
PERMISSION,Conducting Lessons,MUS,395,2,83892,3,,TBA,,,,,,,,TBA,10,1,9,0,"Southard, Robert G.",08/28-12/14,16
,Written permission of department chair required.,,,,,,,,,,,,,,,,,,,,,,
CANCELLED,Keyboard Skills I: Piano,MUS,397,1,82378,1,,TBA,,,,,,,,TBA,0,0,0,0,Staff,08/28-12/14,16
,Placement by audition or permission of instructor.,,,,,,,,,,,,,,,,,,,,,,
IN PROGRESS,Keyboard Skills I: Organ,MUS,397,2,82377,1,,TBA,,,,,,,,TBA,10,1,9,0,"Lewis, Huw R.",08/28-12/14,16
IN PROGRESS,Keyboard Skills I: Piano,MUS,397,3,83890,1,,M, ,W, , , , ,1200-1250,JHMILR 193,14,4,10,0,"Kolean, Lora L.",08/28-12/14,16
,Placement by audition or permission of instructor.,,,,,,,,,,,,,,,,,,,,,,
IN PROGRESS,Seminar in Music,MUS,491,1,82081,2,, , ,W, , , , ,0830-1020,JHMILR 160,14,6,8,0,"Southard, Sarah",08/28-12/14,16
IN PROGRESS,Senior Recital,MUS,492,1,83513,0,,TBA,,,,,,,,TBA,10,2,8,0,"Baer, Marc B.",08/28-12/14,16